Timestamp,Encoder Position,Target Position
0.0100507736206054,0.0,0.0
0.0200507736206054,0.0,0.0
0.030050773620605403,0.0,0.0
0.040050773620605405,0.0,0.0
0.05005077362060541,0.0,0.0
0.06005077362060541,0.0,0.0
0.07005077362060541,0.0,0.0
0.0800507736206054,0.0,0.0
0.09005077362060541,0.0,0.0
0.10005077362060542,0.0,0.0
0.11005077362060542,0.0,0.0
0.12005077362060541,0.0,0.0
0.1300507736206054,0.0,0.0
0.14005077362060542,0.0,0.0
0.15005077362060543,0.0,0.0
0.16005077362060544,0.0,0.0
0.17005077362060544,0.0,0.0
0.18005077362060545,0.0,0.0
0.19005077362060546,0.0,0.0
0.20005077362060542,0.0,0.0
0.21005077362060542,0.0,0.0
0.22005077362060543,0.0,0.0
0.23005077362060544,0.0,0.0
0.24005077362060545,0.0,0.0
0.25005077362060546,0.0,0.0
0.26005077362060547,0.0,0.0
0.2700507736206055,0.0,0.0
0.2800507736206055,0.0,0.0
0.29005077362060544,0.0,0.0
0.30005077362060545,0.0,0.0
0.31005077362060546,0.0,0.0
0.32005077362060547,0.0,0.0
0.3300507736206055,0.0,0.0
0.3400507736206055,0.0,0.0
0.3500507736206055,0.0,0.0
0.3600507736206055,0.0,0.0
0.3700507736206055,0.0,0.0
0.38005077362060546,0.0,0.0
0.3900507736206055,0.0,0.0
0.4000507736206055,0.0,0.0
0.4100507736206055,0.0,0.0
0.4200507736206055,0.0,0.0
0.4300507736206055,0.0,0.0
0.4400507736206055,0.0,0.0
0.45005077362060547,0.0,0.0
0.4600507736206055,0.0,0.0
0.4700507736206055,0.0,0.0
0.4800507736206055,0.0,0.0
0.4900507736206055,0.0,0.0
0.5000507736206055,0.0,0.0
0.5100507736206055,0.0,0.0
0.5200507736206055,0.0,0.0
0.5300507736206055,0.0,0.0
0.5400507736206055,0.0,0.0
0.5500507736206055,0.0,0.0
0.5600507736206055,0.0,0.0
0.5700507736206054,0.0,0.0
0.5800507736206054,0.0,0.0
0.5900507736206054,0.0,0.0
0.6000507736206054,0.0,0.0
0.6100507736206054,0.0,0.0
0.6200507736206055,0.0,0.0
0.6300507736206055,0.0,0.0
0.6400507736206055,0.0,0.0
0.6500507736206055,0.0,0.0
0.6600507736206055,0.0,0.0
0.6700507736206055,0.0,0.0
0.6800507736206055,0.0,0.0
0.6900507736206055,0.0,0.0
0.7000507736206055,0.0,0.0
0.7100507736206055,0.0,0.0
0.7200507736206055,0.0,0.0
0.7300507736206056,0.0,0.0
0.7400507736206055,0.0,0.0
0.7500507736206055,0.0,0.0
0.7600507736206055,0.0,0.0
0.7700507736206055,0.0,0.0
0.7800507736206055,0.0,0.0
0.7900507736206055,0.0,0.0
0.8000507736206055,0.0,0.0
0.8100507736206055,0.0,0.0
0.8200507736206055,0.0,0.0
0.8300507736206055,0.0,0.0
0.8400507736206055,0.0,0.0
0.8500507736206055,0.0,0.0
0.8600507736206056,0.0,0.0
0.8700507736206056,0.0,0.0
0.8800507736206056,0.0,0.0
0.8900507736206055,0.0,0.0
0.9000507736206055,0.0,0.0
0.9100507736206055,0.0,0.0
0.9200507736206055,0.0,0.0
0.9300507736206055,0.0,0.0
0.9400507736206055,0.0,0.0
0.9500507736206055,0.0,0.0
0.9600507736206055,0.0,0.0
0.9700507736206055,0.0,0.0
0.9800507736206056,0.0,0.0
0.9900507736206056,0.0,38190.61225127866
1.0000507736206057,0.0,122689.063332989
1.0100507736206057,0.0,172711.6635140157
1.0200507736206057,0.0,172711.6635140157
1.0300507736206057,0.0,172711.6635140157
1.0400507736206057,165.45810094334504,172711.6635140157
1.0500507736206057,575.0,172711.6635140157
1.0600507736206057,575.0,172711.6635140157
1.0700507736206057,683.7398140071587,172711.6635140157
1.0800507736206058,1191.3598627002411,172711.6635140157
1.0900507736206058,1623.2675972540173,172711.6635140157
1.1000507736206058,2055.1753318077936,172711.6635140157
1.1100507736206058,2487.0830663615698,172711.6635140157
1.1200507736206058,2918.9908009153455,172711.6635140157
1.1300507736206056,3350.898535469112,172711.6635140157
1.1400507736206056,3782.8062700228884,172711.6635140157
1.1500507736206056,4214.714004576665,172711.6635140157
1.1600507736206056,4646.62173913044,172711.6635140157
1.1700507736206056,5266.251770521074,172711.6635140157
1.1800507736206056,5859.611437432025,172711.6635140157
1.1900507736206056,6390.739206842932,172711.6635140157
1.2000507736206056,6996.611635031493,172711.6635140157
1.2100507736206056,7576.12675953415,172711.6635140157
1.2200507736206057,8102.201132781683,172711.6635140157
1.2300507736206057,8693.192238130794,172711.6635140157
1.2400507736206057,9302.4660310881,172711.6635140157
1.2500507736206057,9848.57075986041,172711.6635140157
1.2600507736206057,10419.027289515096,172711.6635140157
1.2700507736206057,11230.253356841937,172711.6635140157
1.2800507736206057,12149.968921248428,172711.6635140157
1.2900507736206057,12866.924855334417,172711.6635140157
1.3000507736206057,13729.579838050311,172711.6635140157
1.3100507736206057,14592.234820766205,172711.6635140157
1.3200507736206057,15454.8898034821,172711.6635140157
1.3300507736206058,16317.544786197994,172711.6635140157
1.3400507736206058,17180.199768913888,172711.6635140157
1.3500507736206058,18042.854751629784,172711.6635140157
1.3600507736206058,18905.509734345676,172711.6635140157
1.3700507736206058,20024.8981800247,172711.6635140157
1.3800507736206058,21172.883000415608,172711.6635140157
1.3900507736206058,22297.135423188847,172711.6635140157
1.4000507736206058,24714.72327813564,172711.6635140157
1.4100507736206058,25516.879644391363,172711.6635140157
1.4200507736206058,26054.52445659417,172711.6635140157
1.4300507736206058,28184.76771857993,172711.6635140157
1.4400507736206059,29307.468973415173,172711.6635140157
1.4500507736206059,30198.446447926286,172711.6635140157
1.4600507736206056,31045.255671087172,172711.6635140157
1.4700507736206057,32177.730620120696,172711.6635140157
1.4800507736206057,33313.42323923149,172711.6635140157
1.4900507736206057,34456.7689227995,172711.6635140157
1.5000507736206057,35602.89216938911,170965.36549437375
1.5100507736206057,36758.12681228725,163490.58779452028
1.5200507736206057,37913.36145518538,156015.81009466684
1.5300507736206057,39072.94473496298,149418.38722170738
1.5400507736206057,40265.88219326771,149418.38722170738
1.5500507736206057,41460.25250188175,149418.38722170738
1.5600507736206057,42546.52461624343,149418.38722170738
1.5700507736206057,43758.10838403576,149418.38722170738
1.5800507736206058,44942.09013763692,149418.38722170738
1.5900507736206058,46026.399007919434,149418.38722170738
1.6000507736206058,47198.06458983669,149418.38722170738
1.6100507736206058,48388.58788455296,149418.38722170738
1.6200507736206058,49505.04758698927,149418.38722170738
1.6300507736206058,50684.362100850034,149418.38722170738
1.6400507736206058,51868.04885433155,149418.38722170738
1.6500507736206058,52978.411020454754,149418.38722170738
1.6600507736206058,54142.766437928934,149418.38722170738
1.6700507736206058,55324.90093128209,149418.38722170738
1.6800507736206058,56448.2966543502,149418.38722170738
1.6900507736206059,57602.37504888255,149418.38722170738
1.7000507736206059,58790.31931956829,149418.38722170738
1.7100507736206059,59963.70620050827,149418.38722170738
1.7200507736206059,61137.093081448256,149418.38722170738
1.7300507736206059,62315.66040015697,149418.38722170738
1.740050773620606,63455.50398639306,149418.38722170738
1.750050773620606,64583.60840376793,149418.38722170738
1.760050773620606,65980.16798242611,149418.38722170738
1.7700507736206057,67533.90012604611,149418.38722170738
1.7800507736206057,68651.91896270278,149418.38722170738
1.7900507736206057,69799.65836093065,149418.38722170738
1.8000507736206057,71021.11226618667,149418.38722170738
1.8100507736206057,72137.77230815093,149418.38722170738
1.8200507736206057,73268.72867360296,149418.38722170738
1.8300507736206058,74489.19272739689,149418.38722170738
1.8400507736206058,75597.21392129427,149418.38722170738
1.8500507736206058,76705.23511519165,149418.38722170738
1.8600507736206058,77916.21193732908,149418.38722170738
1.8700507736206058,79077.8405339684,149418.38722170738
1.8800507736206058,80134.15809897814,149418.38722170738
1.8900507736206058,81299.90488122487,149418.38722170738
1.9000507736206058,82450.4500834139,149418.38722170738
1.9100507736206058,83540.99167104757,149418.38722170738
1.9200507736206058,84673.91723813675,149418.38722170738
1.9300507736206058,85815.89525465843,149418.38722170738
1.9400507736206059,87036.30136743077,149418.38722170738
1.9500507736206059,88363.08591331227,149418.38722170738
1.9600507736206059,89689.87045919377,149418.38722170738
1.9700507736206059,90974.32917770774,149418.38722170738
1.9800507736206059,92140.13363744842,149418.38722170738
1.990050773620606,93260.70724989651,149418.38722170738
2.0000507736206057,94454.77191136884,157000.23109499362
2.010050773620606,95614.30803591576,182588.8969254775
2.0200507736206057,96707.9646401719,182588.8969254775
2.030050773620606,97915.71876429628,182588.8969254775
2.0400507736206057,99061.75392484272,182588.8969254775
2.050050773620606,100211.80462504932,182588.8969254775
2.0600507736206057,101418.00925195507,182588.8969254775
2.070050773620606,102588.48600715898,182588.8969254775
2.0800507736206058,103693.71321287568,182588.8969254775
2.090050773620606,104880.43723741014,182588.8969254775
2.1000507736206058,106065.39816889713,182588.8969254775
2.110050773620606,107171.54808942154,182588.8969254775
2.120050773620606,108355.87706628008,182588.8969254775
2.130050773620606,109555.43098498121,182588.8969254775
2.140050773620606,110885.83483122727,182588.8969254775
2.150050773620606,112249.5770574464,182588.8969254775
2.160050773620606,113613.31928366545,182588.8969254775
2.170050773620606,114823.70533785482,182588.8969254775
2.180050773620606,115900.55576784528,182588.8969254775
2.190050773620606,117052.05581941565,182588.8969254775
2.200050773620606,118224.34954332761,182588.8969254775
2.210050773620606,119355.19425240651,182588.8969254775
2.220050773620606,120538.07986556794,182588.8969254775
2.230050773620606,121743.6354548197,182588.8969254775
2.240050773620606,122865.20005684515,182588.8969254775
2.2500507736206057,123989.90996982195,182588.8969254775
2.260050773620606,125198.69780244993,182588.8969254775
2.2700507736206057,126332.43286284956,182588.8969254775
2.280050773620606,127444.81716640259,182588.8969254775
2.2900507736206057,128646.19485259114,182588.8969254775
2.300050773620606,129789.45750367657,182588.8969254775
2.3100507736206057,130957.82891390225,182588.8969254775
2.320050773620606,132647.06603849077,182588.8969254775
2.3300507736206058,133844.24074368703,182588.8969254775
2.340050773620606,135028.73563075237,182588.8969254775
2.3500507736206058,136117.69133751548,182588.8969254775
2.360050773620606,137329.58278312327,182588.8969254775
2.370050773620606,138474.83446574013,182588.8969254775
2.380050773620606,139617.42724430742,182588.8969254775
2.390050773620606,141835.95374968907,182588.8969254775
2.400050773620606,142666.10053983683,182588.8969254775
2.410050773620606,143218.99626159534,182588.8969254775
2.420050773620606,144291.79670013222,182588.8969254775
2.430050773620606,146637.5810562901,182588.8969254775
2.440050773620606,147819.4574934642,182588.8969254775
2.450050773620606,148597.72116608272,182588.8969254775
2.460050773620606,149197.3273440785,182588.8969254775
2.470050773620606,151325.4906020723,182588.8969254775
2.480050773620606,152531.96767002792,182588.8969254775
2.490050773620606,153674.6587239384,182588.8969254775
2.500050773620606,154839.92455365224,137537.95486746167
2.510050773620606,156040.24401424022,103438.6258718256
2.520050773620606,157181.7684475139,103438.6258718256
2.530050773620606,158332.09751395424,103438.6258718256
2.540050773620606,159493.5682507286,103438.6258718256
2.550050773620606,160632.73926536823,103438.6258718256
2.560050773620606,161584.7176883318,103438.6258718256
2.570050773620606,162317.14470319953,103438.6258718256
2.5800507736206058,163186.6707898556,103438.6258718256
2.590050773620606,164056.19687651168,103438.6258718256
2.6000507736206058,164925.72296316773,103438.6258718256
2.610050773620606,165725.27420393232,103438.6258718256
2.620050773620606,166407.65981103748,103438.6258718256
2.630050773620606,167491.88814686905,103438.6258718256
2.640050773620606,168052.99124815364,103438.6258718256
2.650050773620606,168585.11742998657,103438.6258718256
2.660050773620606,169230.93016400535,103438.6258718256
2.670050773620606,170090.1936992819,103438.6258718256
2.680050773620606,170949.4572345584,103438.6258718256
2.690050773620606,171549.21522568553,103438.6258718256
2.700050773620606,172071.38315789474,103438.6258718256
2.710050773620606,172420.6033288528,103438.6258718256
2.720050773620606,172747.10750324355,103438.6258718256
2.730050773620606,173267.47605307424,103438.6258718256
2.740050773620606,173796.58841059604,103438.6258718256
2.750050773620606,174427.3037958769,103438.6258718256
2.760050773620606,174599.0,103438.6258718256
2.770050773620606,175008.27869207293,103438.6258718256
2.780050773620606,175544.48126280503,103438.6258718256
2.790050773620606,175733.0,103438.6258718256
2.800050773620606,176137.68013125745,103438.6258718256
2.810050773620606,176399.0,103438.6258718256
2.820050773620606,176399.0,103438.6258718256
2.830050773620606,176687.81058568333,103438.6258718256
2.840050773620606,177537.40960887662,103438.6258718256
2.850050773620606,178456.12145715757,103438.6258718256
2.860050773620606,178552.4437847525,103438.6258718256
2.8700507736206062,178420.0837881846,103438.6258718256
2.880050773620606,178978.83985009373,103438.6258718256
2.8900507736206063,179333.0,103438.6258718256
2.900050773620606,179180.48829743065,103438.6258718256
2.910050773620606,178793.0,103438.6258718256
2.920050773620606,178913.11932102777,103438.6258718256
2.930050773620606,179227.63204435268,103438.6258718256
2.940050773620606,178693.1425099185,103438.6258718256
2.950050773620606,178199.0,103438.6258718256
2.960050773620606,178120.0366924591,103438.6258718256
2.970050773620606,177515.0,103438.6258718256
2.980050773620606,177488.11859370672,103438.6258718256
2.990050773620606,176965.01009121898,103438.6258718256
3.000050773620606,176408.500576799,103438.6258718256
3.010050773620606,175759.1514261745,-376155.13598572934
3.020050773620606,175233.88755624942,-395756.7438817669
3.030050773620606,175193.0,-395756.7438817669
3.040050773620606,174642.93350083128,-395756.7438817669
3.050050773620606,174024.0160206909,-395756.7438817669
3.060050773620606,173480.61659333747,-395756.7438817669
3.070050773620606,172943.62067967668,-395756.7438817669
3.080050773620606,172323.10198831494,-395756.7438817669
3.090050773620606,172133.0,-395756.7438817669
3.100050773620606,171777.2787138711,-395756.7438817669
3.110050773620606,171222.09512720603,-395756.7438817669
3.1200507736206062,170643.84117229236,-395756.7438817669
3.130050773620606,170060.9571353571,-395756.7438817669
3.1400507736206063,169478.07309842188,-395756.7438817669
3.150050773620606,168860.84041806016,-395756.7438817669
3.1600507736206063,168103.37147575707,-395756.7438817669
3.170050773620606,167234.88269205796,-395756.7438817669
3.1800507736206063,166507.72076607382,-395756.7438817669
3.190050773620606,165975.17248285,-395756.7438817669
3.2000507736206063,165215.98410614836,-395756.7438817669
3.210050773620606,164228.26602225055,-395756.7438817669
3.220050773620606,163511.78953271025,-395756.7438817669
3.230050773620606,162460.1086796511,-395756.7438817669
3.240050773620606,161783.51024976224,-395756.7438817669
3.250050773620606,160705.31252001625,-395756.7438817669
3.260050773620606,160077.48792890293,-395756.7438817669
3.270050773620606,158879.69609462537,-395756.7438817669
3.280050773620606,157683.98185226467,-395756.7438817669
3.290050773620606,156601.93786928128,-395756.7438817669
3.300050773620606,155936.55162213472,-395756.7438817669
3.310050773620606,154866.9176339905,-395756.7438817669
3.320050773620606,153700.7172637772,-395756.7438817669
3.330050773620606,152476.79325261412,-395756.7438817669
3.340050773620606,150820.32944362555,-395756.7438817669
3.350050773620606,150470.10135875724,-395756.7438817669
3.360050773620606,150394.59885325687,-395756.7438817669
3.3700507736206062,150319.0963477565,-395756.7438817669
3.380050773620606,150243.59384225614,-395756.7438817669
3.3900507736206063,150168.09133675578,-395756.7438817669
3.400050773620606,150092.58883125542,-395756.7438817669
3.4100507736206063,150017.08632575505,-395756.7438817669
3.420050773620606,144405.17320657143,-395756.7438817669
3.4300507736206063,140816.22227876098,-395756.7438817669
3.440050773620606,139680.6140179253,-395756.7438817669
3.4500507736206063,138482.11983097816,-395756.7438817669
3.460050773620606,137345.07755343872,-395756.7438817669
3.4700507736206063,136231.07983785815,-395756.7438817669
3.480050773620606,135067.458898145,-395756.7438817669
3.4900507736206063,133903.8379584318,-395756.7438817669
3.500050773620606,132739.25878838167,-241147.1909550658
3.5100507736206064,131548.61645097396,9817.340227959212
3.520050773620606,130359.70642850455,9817.340227959212
3.530050773620606,129247.97977785865,9817.340227959212
3.540050773620606,128080.5515035669,9817.340227959212
3.550050773620606,126893.27863154479,9817.340227959212
3.560050773620606,124692.1497428361,9817.340227959212
3.570050773620606,124066.98844547074,9817.340227959212
3.580050773620606,123389.02551148506,9817.340227959212
3.590050773620606,122385.52607394161,9817.340227959212
3.600050773620606,122217.39646425733,9817.340227959212
3.610050773620606,122049.26685457307,9817.340227959212
3.6200507736206062,121881.13724488879,9817.340227959212
3.630050773620606,121713.00763520453,9817.340227959212
3.6400507736206063,121544.87802552024,9817.340227959212
3.650050773620606,121376.74841583597,9817.340227959212
3.6600507736206063,121208.6188061517,9817.340227959212
3.670050773620606,113805.86124081087,9817.340227959212
3.6800507736206063,111784.41042927315,9817.340227959212
3.690050773620606,110637.87438412783,9817.340227959212
3.7000507736206063,109001.74874739896,9817.340227959212
3.710050773620606,107673.0071825097,9817.340227959212
3.7200507736206063,106521.02235851217,9817.340227959212
3.730050773620606,105384.27360765019,9817.340227959212
3.7400507736206063,104206.76253854122,9817.340227959212
3.750050773620606,102244.31388932915,9817.340227959212
3.7600507736206064,101645.99352011556,9817.340227959212
3.770050773620606,100112.67559527642,9817.340227959212
3.7800507736206064,98693.09403130497,9817.340227959212
3.790050773620606,98101.79586192592,9817.340227959212
3.8000507736206064,97244.40655949713,9817.340227959212
3.810050773620606,94944.80345256602,9817.340227959212
3.8200507736206064,93795.81948633629,9817.340227959212
3.830050773620606,92659.82851331716,9817.340227959212
3.8400507736206064,91542.7236333263,9817.340227959212
3.850050773620606,90350.5463352324,9817.340227959212
3.860050773620606,89170.18239045457,9817.340227959212
3.8700507736206062,88071.81017530001,9817.340227959212
3.880050773620606,86880.65914912916,9817.340227959212
3.8900507736206063,85701.31853740534,9817.340227959212
3.900050773620606,84586.13329968328,9817.340227959212
3.9100507736206063,82853.9837103655,9817.340227959212
3.920050773620606,81672.87018670083,9817.340227959212
3.9300507736206063,80450.69615266676,9817.340227959212
3.940050773620606,79350.16268755643,9817.340227959212
3.9500507736206063,78167.64244574019,9817.340227959212
3.960050773620606,76969.31122459531,9817.340227959212
3.9700507736206063,75883.66504103155,9817.340227959212
3.980050773620606,74729.50972640618,9817.340227959212
3.9900507736206063,73538.83395488093,9817.340227959212
4.000050773620606,72424.64405605933,9817.340227959212
4.010050773620606,71299.61624547071,-128709.62925662706
4.020050773620606,70091.36398215273,-229055.1301668517
4.030050773620606,68850.1037110533,-229055.1301668517
4.040050773620607,67612.63154894073,-229055.1301668517
4.050050773620606,66375.15938682825,-229055.1301668517
4.060050773620606,65137.687224715766,-229055.1301668517
4.070050773620606,63900.215062603296,-229055.1301668517
4.080050773620607,62662.74290049071,-229055.1301668517
4.090050773620606,61425.27073837823,-229055.1301668517
4.100050773620606,60187.798576265755,-229055.1301668517
4.110050773620606,58965.555104321844,-229055.1301668517
4.120050773620607,57780.60506669108,-229055.1301668517
4.1300507736206065,56616.194949619734,-229055.1301668517
4.140050773620606,55451.78483254838,-229055.1301668517
4.150050773620606,54287.37471547703,-229055.1301668517
4.160050773620607,53122.96459840558,-229055.1301668517
4.1700507736206065,51958.55448133423,-229055.1301668517
4.180050773620606,50794.14436426288,-229055.1301668517
4.190050773620606,49631.58007053402,-229055.1301668517
4.200050773620606,48487.98319808513,-229055.1301668517
4.2100507736206065,47342.57463668692,-229055.1301668517
4.220050773620606,46131.44985224412,-229055.1301668517
4.230050773620606,45026.45479230548,-229055.1301668517
4.240050773620606,43853.39986086952,-229055.1301668517
4.250050773620607,42698.877388316025,-229055.1301668517
4.260050773620606,41545.80412371124,-229055.1301668517
4.270050773620606,40392.73085910645,-229055.1301668517
4.280050773620606,39239.65759450167,-229055.1301668517
4.290050773620607,38086.584329896774,-229055.1301668517
4.300050773620606,36933.51106529199,-229055.1301668517
4.310050773620606,35748.17698217504,-229055.1301668517
4.320050773620606,34548.286630937124,-229055.1301668517
4.330050773620607,33348.3962796991,-229055.1301668517
4.340050773620606,32148.505928461185,-229055.1301668517
4.350050773620606,30948.615577223267,-229055.1301668517
4.360050773620606,29748.72522598535,-229055.1301668517
4.370050773620607,28548.83487474733,-229055.1301668517
4.3800507736206065,27348.94452350941,-229055.1301668517
4.390050773620606,26149.05417227149,-229055.1301668517
4.400050773620606,24949.163821033573,-229055.1301668517
4.410050773620607,23749.273469795553,-229055.1301668517
4.4200507736206065,22549.383118557635,-229055.1301668517
4.430050773620606,21349.492767319716,-229055.1301668517
4.440050773620606,20149.602416081798,-229055.1301668517
4.450050773620607,18965.45955431741,-229055.1301668517
4.4600507736206065,17872.7291284194,-229055.1301668517
4.470050773620606,16718.661294612462,-229055.1301668517
4.480050773620606,15507.25645831403,-229055.1301668517
4.490050773620606,14427.797276336396,-229055.1301668517
4.500050773620607,13263.688682870508,-229055.1301668517
4.510050773620606,12028.546146196963,340577.1134433161
4.520050773620606,10943.39036684651,396122.0762601972
4.530050773620606,9802.89728692584,396122.0762601972
4.540050773620607,8640.786515478547,396122.0762601972
4.550050773620606,7480.854633211213,396122.0762601972
4.560050773620606,6325.040568321906,396122.0762601972
4.570050773620606,4750.85017224828,396122.0762601972
4.580050773620607,3368.052542161008,396122.0762601972
4.590050773620606,2236.9574744073157,396122.0762601972
4.600050773620606,1098.264121259072,396122.0762601972
4.610050773620606,-86.65196242800846,396122.0762601972
4.620050773620607,-1227.4335645676565,396122.0762601972
4.6300507736206065,-2366.6018867750176,396122.0762601972
4.640050773620606,-3566.050303044428,396122.0762601972
4.650050773620606,-4727.972464840921,396122.0762601972
4.660050773620607,-5853.436813573307,396122.0762601972
4.6700507736206065,-7033.39663277427,396122.0762601972
4.680050773620606,-8203.177445855204,396122.0762601972
4.690050773620606,-9333.690874355943,396122.0762601972
4.700050773620607,-10615.174898002773,396122.0762601972
4.7100507736206065,-11896.658921649487,396122.0762601972
4.720050773620606,-13178.142945296204,396122.0762601972
4.730050773620606,-14459.626968942917,396122.0762601972
4.740050773620607,-15737.836858609591,396122.0762601972
4.750050773620607,-16973.61906681061,396122.0762601972
4.760050773620606,-18061.95406166324,396122.0762601972
4.770050773620606,-19444.406798049946,396122.0762601972
4.780050773620607,-20826.85953443677,396122.0762601972
4.790050773620607,-22209.312270823477,396122.0762601972
4.800050773620606,-23591.765007210182,396122.0762601972
4.810050773620606,-24974.217743596884,396122.0762601972
4.820050773620606,-26163.142291619304,396122.0762601972
4.830050773620607,-27395.040773457556,396122.0762601972
4.840050773620606,-28502.11396801229,396122.0762601972
4.850050773620606,-29638.388804832928,396122.0762601972
4.860050773620606,-30846.925318376234,396122.0762601972
4.870050773620607,-31968.25343363406,396122.0762601972
4.8800507736206065,-33092.49955859278,396122.0762601972
4.890050773620606,-34300.6954911531,396122.0762601972
4.900050773620606,-35448.952600428674,396122.0762601972
4.910050773620607,-36565.13700110879,396122.0762601972
4.9200507736206065,-37766.504305697206,396122.0762601972
4.930050773620606,-38942.1343141486,396122.0762601972
4.940050773620606,-40286.37575184948,396122.0762601972
4.950050773620607,-41830.37726645549,396122.0762601972
4.9600507736206065,-43019.53825479156,396122.0762601972
4.970050773620606,-44174.29961847306,396122.0762601972
4.980050773620606,-45295.74935125505,396122.0762601972
4.990050773620607,-46466.4157056073,365386.57966890157
5.000050773620607,-47626.212077369026,218941.9723172794
5.010050773620606,-48792.96117882407,96110.45737668866
5.020050773620606,-49995.877263677045,96110.45737668866
5.030050773620607,-51186.9952199983,96110.45737668866
5.040050773620607,-52250.55618215621,96110.45737668866
5.050050773620606,-52938.2725430767,96110.45737668866
5.060050773620606,-54019.553523210736,96110.45737668866
5.070050773620607,-55188.94750878507,96110.45737668866
5.080050773620607,-56076.03131814559,96110.45737668866
5.090050773620606,-56959.18586488467,96110.45737668866
5.100050773620606,-57534.98134588153,96110.45737668866
5.110050773620607,-58637.75634539009,96110.45737668866
5.120050773620607,-59446.68281952607,96110.45737668866
5.1300507736206065,-60194.84947155295,96110.45737668866
5.140050773620606,-60943.016123579844,96110.45737668866
5.150050773620606,-61691.18277560673,96110.45737668866
5.160050773620607,-62439.349427633686,96110.45737668866
5.1700507736206065,-63187.51607966058,96110.45737668866
5.180050773620606,-63935.68273168746,96110.45737668866
5.190050773620606,-64564.974784447135,96110.45737668866
5.200050773620607,-65169.89995088034,96110.45737668866
5.2100507736206065,-65700.77355109621,96110.45737668866
5.220050773620606,-66137.59261767962,96110.45737668866
5.230050773620606,-66574.41168426302,96110.45737668866
5.240050773620607,-67011.23075084646,96110.45737668866
5.250050773620607,-67482.23866551818,96110.45737668866
5.260050773620606,-68018.15659679413,96110.45737668866
5.270050773620606,-68592.05764564086,96110.45737668866
5.280050773620607,-69065.0,96110.45737668866
5.290050773620607,-69112.9953918757,96110.45737668866
5.300050773620606,-69639.18063052729,96110.45737668866
5.310050773620606,-70199.97441340786,96110.45737668866
5.320050773620607,-70867.78259217886,96110.45737668866
5.330050773620607,-70883.0,96110.45737668866
5.340050773620606,-70883.0,96110.45737668866
5.350050773620606,-71860.61041428742,96110.45737668866
5.360050773620607,-72568.05894308,96110.45737668866
5.370050773620607,-72665.0,96110.45737668866
5.3800507736206065,-72665.0,96110.45737668866
5.390050773620606,-73082.81243168138,96110.45737668866
5.400050773620607,-73205.0,96110.45737668866
5.410050773620607,-73205.0,96110.45737668866
5.4200507736206065,-73205.0,96110.45737668866
5.430050773620606,-73120.73070221767,96110.45737668866
5.440050773620607,-72989.27605355866,96110.45737668866
5.450050773620607,-72857.82140489966,96110.45737668866
5.4600507736206065,-72726.36675624066,96110.45737668866
5.470050773620606,-72324.32450157824,96110.45737668866
5.480050773620606,-71862.61565405404,96110.45737668866
5.490050773620607,-71584.76411822884,96110.45737668866
5.500050773620607,-71202.76264575134,96110.45737668866
5.510050773620606,-70620.03341255414,79299.83273281614
5.520050773620606,-69984.55776764952,52384.49443937834
5.530050773620607,-69605.0,52384.49443937834
5.540050773620607,-69605.0,52384.49443937834
5.550050773620606,-69270.67175524513,52384.49443937834
5.560050773620606,-68292.32869226215,52384.49443937834
5.570050773620607,-67854.34226739526,52384.49443937834
5.580050773620607,-67416.3558425284,52384.49443937834
5.590050773620606,-66978.36941766155,52384.49443937834
5.600050773620606,-66521.71253442118,52384.49443937834
5.610050773620607,-65950.01600775012,52384.49443937834
5.620050773620607,-65418.557208265534,52384.49443937834
5.6300507736206065,-64772.79522867445,52384.49443937834
5.640050773620606,-64187.066752007406,52384.49443937834
5.650050773620607,-63601.338275340306,52384.49443937834
5.660050773620607,-63015.609798673264,52384.49443937834
5.6700507736206065,-62471.3333551031,52384.49443937834
5.680050773620606,-61928.266694221435,52384.49443937834
5.690050773620607,-60792.56905955802,52384.49443937834
5.700050773620607,-60179.97261607015,52384.49443937834
5.7100507736206065,-59542.61888937871,52384.49443937834
5.720050773620606,-58530.58541357225,52384.49443937834
5.730050773620607,-57769.017610015784,52384.49443937834
5.740050773620607,-56793.5561128175,52384.49443937834
5.750050773620607,-55848.90332236029,52384.49443937834
5.760050773620606,-54961.92724121478,52384.49443937834
5.770050773620607,-53861.34670624503,52384.49443937834
5.780050773620607,-52663.88480111379,52384.49443937834
5.790050773620607,-51845.999017635135,52384.49443937834
5.800050773620606,-50927.31040846456,52384.49443937834
5.810050773620606,-49766.23954232286,52384.49443937834
5.820050773620607,-48605.16867618104,52384.49443937834
5.830050773620607,-47444.09781003934,52384.49443937834
5.840050773620606,-46283.02694389763,52384.49443937834
5.850050773620606,-45121.95607775592,52384.49443937834
5.860050773620607,-43957.7326013083,52384.49443937834
5.870050773620607,-42818.5587463542,52384.49443937834
5.8800507736206065,-41686.694945317955,52384.49443937834
5.890050773620606,-40481.64011997759,52384.49443937834
5.900050773620607,-39349.388691406086,52384.49443937834
5.910050773620607,-38194.75489396769,52384.49443937834
5.9200507736206065,-35796.76295071172,52384.49443937834
5.930050773620606,-34672.75223219869,52384.49443937834
5.940050773620607,-33531.99189170704,52384.49443937834
5.950050773620607,-32988.73260434318,52384.49443937834
5.9600507736206065,-32187.961988154602,52384.49443937834
5.970050773620606,-31387.191371966022,52384.49443937834
5.980050773620607,-30578.319972992085,51966.68125607046
5.990050773620607,-29261.86902595216,25369.493513478363
6.000050773620607,-27945.418078912237,-1227.6942291137311
6.010050773620606,-26628.967131872312,-27824.88197170582
6.020050773620607,-25312.516184832275,-54422.069714300276
6.030050773620607,-23996.06523779235,-81019.25745689236
6.040050773620607,-22679.614290752426,-107616.44519948446
6.050050773620606,-21363.163343712506,-134213.63294207654
6.060050773620607,-20635.22624434382,-141086.19309041527
6.070050773620607,-19615.113591886908,-141086.19309041527
6.080050773620607,-18711.888704947152,-141086.19309041527
6.090050773620606,-17970.398755652936,-141086.19309041527
6.100050773620606,-17228.908806358722,-141086.19309041527
6.110050773620607,-16422.02310475088,-141086.19309041527
6.120050773620607,-15557.953265254619,-141086.19309041527
6.1300507736206065,-14693.883425758357,-141086.19309041527
6.140050773620606,-13829.813586262097,-141086.19309041527
6.150050773620607,-13048.561292188484,-141086.19309041527
6.160050773620607,-12426.76643444621,-141086.19309041527
6.1700507736206065,-11806.89655909768,-141086.19309041527
6.180050773620606,-11082.393867767205,-141086.19309041527
6.190050773620607,-10357.891176436668,-141086.19309041527
6.200050773620607,-9633.388485106192,-141086.19309041527
6.2100507736206065,-9000.0,-141086.19309041527
6.220050773620606,-8943.79992754931,-141086.19309041527
6.230050773620607,-8380.477813024738,-141086.19309041527
6.240050773620607,-7849.481503897211,-141086.19309041527
6.250050773620607,-7210.047262723451,-141086.19309041527
6.260050773620606,-6647.849705623241,-141086.19309041527
6.270050773620607,-6623.0,-141086.19309041527
6.280050773620607,-6150.095688282856,-141086.19309041527
6.290050773620607,-5505.586537162868,-141086.19309041527
6.300050773620606,-5400.0,-141086.19309041527
6.310050773620607,-4907.429940935389,-141086.19309041527
6.320050773620607,-4299.145756701849,-141086.19309041527
6.330050773620607,-3690.8615724683086,-141086.19309041527
6.340050773620606,-3082.577388234768,-141086.19309041527
6.350050773620607,-2483.0,-141086.19309041527
6.360050773620607,-2483.0,-141086.19309041527
6.370050773620607,-2266.5912553315784,-141086.19309041527
6.3800507736206065,-2048.468441308607,-141086.19309041527
6.390050773620607,-1830.345627285616,-141086.19309041527
6.400050773620607,-1799.0,-141086.19309041527
6.410050773620607,-1799.0,-141086.19309041527
6.4200507736206065,-1799.0,-141086.19309041527
6.430050773620606,-1799.0,-141086.19309041527
6.440050773620607,-2279.7061543794166,-141086.19309041527
6.450050773620607,-2483.0,-141086.19309041527
6.4600507736206065,-2659.311549249903,-141086.19309041527
6.470050773620606,-2922.9231089747545,-141086.19309041527
6.480050773620607,-3366.3376957556643,-141086.19309041527
6.490050773620607,-4415.458374469895,-141086.19309041527
6.500050773620607,-4677.91221581036,-141086.19309041527
6.510050773620606,-5031.265572703646,-155218.91982305123
6.520050773620607,-5469.95951097069,-182620.0903798837
6.530050773620607,-5908.653449237694,-210021.26093671372
6.540050773620607,-6347.347387504698,-237422.4314935438
6.550050773620606,-6786.041325771703,-264823.6020503738
6.560050773620607,-7224.735264038746,-292224.77260720625
6.570050773620607,-7663.429202305751,-319625.9431640363
6.580050773620607,-8102.123140572755,-347027.1137208664
6.590050773620606,-8584.068426541877,-365945.0420507349
6.600050773620607,-9000.0,-365945.0420507349
6.610050773620607,-9159.737161607969,-365945.0420507349
6.620050773620607,-9787.802076175967,-365945.0420507349
6.6300507736206065,-10421.550639750414,-365945.0420507349
6.640050773620607,-11524.498244076245,-365945.0420507349
6.650050773620607,-12066.906410994006,-365945.0420507349
6.660050773620607,-12611.589137998653,-365945.0420507349
6.6700507736206065,-13273.608594668149,-365945.0420507349
6.680050773620607,-13792.83660751861,-365945.0420507349
6.690050773620607,-14953.63218166343,-365945.0420507349
6.700050773620607,-15529.086387344698,-365945.0420507349
6.7100507736206065,-16660.223176878746,-365945.0420507349
6.720050773620607,-17309.298155117118,-365945.0420507349
6.730050773620607,-18332.743482809674,-365945.0420507349
6.740050773620607,-19037.2517891639,-365945.0420507349
6.750050773620607,-20028.95879920202,-365945.0420507349
6.760050773620606,-21127.803272199537,-365945.0420507349
6.770050773620607,-22233.219858949888,-365945.0420507349
6.780050773620607,-23306.698376452186,-365945.0420507349
6.790050773620607,-24288.212278702802,-365945.0420507349
6.800050773620606,-25269.726180953417,-365945.0420507349
6.810050773620607,-26318.962670660057,-365945.0420507349
6.820050773620607,-27472.573317849634,-365945.0420507349
6.830050773620607,-28626.183965039214,-365945.0420507349
6.840050773620606,-29766.75984934097,-365945.0420507349
6.850050773620607,-30888.547931066118,-365945.0420507349
6.860050773620607,-32066.333197348464,-365945.0420507349
6.870050773620607,-33254.56030973465,-365945.0420507349
6.8800507736206065,-34359.572334674434,-365945.0420507349
6.890050773620607,-35525.053030459676,-365945.0420507349
6.900050773620607,-36739.082695716555,-365945.0420507349
6.910050773620607,-37840.10615402501,-365945.0420507349
6.9200507736206065,-39032.87873530241,-365945.0420507349
6.930050773620607,-40238.62949171394,-365945.0420507349
6.940050773620607,-41332.65729156643,-365945.0420507349
6.950050773620607,-42516.631185592254,-365945.0420507349
6.9600507736206065,-43711.92178224653,-365945.0420507349
6.970050773620607,-44823.2222710997,-365945.0420507349
6.980050773620607,-45998.86713159621,-365945.0420507349
6.990050773620607,-47197.55035124935,-365945.0420507349
7.000050773620607,-48312.10145597042,-365945.0420507349
7.010050773620607,-49456.61037547635,10224.307527548925
7.020050773620607,-50648.769678912,170931.95600106218
7.030050773620607,-51769.0657301797,170931.95600106218
7.040050773620607,-52722.04017542857,170931.95600106218
7.050050773620606,-53593.38268797977,170931.95600106218
7.060050773620607,-54343.410075892236,170931.95600106218
7.070050773620607,-55216.67204223411,170931.95600106218
7.080050773620607,-56104.82842872016,170931.95600106218
7.090050773620606,-56928.146633241515,170931.95600106218
7.100050773620607,-57839.81196162701,170931.95600106218
7.110050773620607,-58639.19722475823,170931.95600106218
7.120050773620607,-59598.417183098674,170931.95600106218
7.1300507736206065,-60223.52592372013,170931.95600106218
7.140050773620607,-60799.124424913505,170931.95600106218
7.150050773620607,-61564.754158708805,170931.95600106218
7.160050773620607,-62330.38389250411,170931.95600106218
7.1700507736206065,-63084.2096423047,170931.95600106218
7.180050773620607,-63740.28422510512,170931.95600106218
7.190050773620607,-64265.52635405916,170931.95600106218
7.200050773620607,-64823.356203963485,170931.95600106218
7.2100507736206065,-65465.46413243555,170931.95600106218
7.220050773620607,-66009.23858235498,170931.95600106218
7.230050773620607,-66553.01303227438,170931.95600106218
7.240050773620607,-67214.45766029255,170931.95600106218
7.250050773620607,-67283.0,170931.95600106218
7.260050773620607,-67729.92630067855,170931.95600106218
7.270050773620607,-68274.75727010262,170931.95600106218
7.280050773620607,-68399.0,170931.95600106218
7.290050773620607,-68875.78252999729,170931.95600106218
7.300050773620607,-69400.86457929142,170931.95600106218
7.310050773620607,-69874.77898324413,170931.95600106218
7.320050773620607,-70348.69338719686,170931.95600106218
7.330050773620607,-70822.60779114958,170931.95600106218
7.340050773620607,-71296.52219510234,170931.95600106218
7.350050773620607,-71770.43659905507,170931.95600106218
7.360050773620607,-71999.0,170931.95600106218
7.370050773620607,-72312.00581272587,170931.95600106218
7.3800507736206065,-72665.0,170931.95600106218
7.390050773620607,-72388.46232730462,170931.95600106218
7.400050773620607,-72254.63813352353,170931.95600106218
7.410050773620607,-72433.25219108857,170931.95600106218
7.4200507736206065,-71999.0,170931.95600106218
7.430050773620607,-71999.0,170931.95600106218
7.440050773620607,-71999.0,170931.95600106218
7.450050773620607,-71870.5250856108,170931.95600106218
7.4600507736206065,-71317.07224890369,170931.95600106218
7.470050773620607,-70767.46135098835,170931.95600106218
7.480050773620607,-70199.0,170931.95600106218
7.490050773620607,-70199.0,170931.95600106218
7.500050773620607,-70116.64291980892,170931.95600106218
7.510050773620607,-69038.2872451222,162658.12698664944
7.520050773620607,-68392.76316912129,-35350.40419754939
7.530050773620607,-67835.04602982587,-35350.40419754939
7.540050773620607,-67664.73400080187,-35350.40419754939
7.550050773620607,-67502.97418103363,-35350.40419754939
7.560050773620607,-67341.21436126542,-35350.40419754939
7.570050773620607,-67179.4545414972,-35350.40419754939
7.580050773620607,-67017.69472172899,-35350.40419754939
7.590050773620607,-66855.93490196076,-35350.40419754939
7.600050773620607,-66694.17508219254,-35350.40419754939
7.610050773620607,-66532.41526242433,-35350.40419754939
7.620050773620607,-66370.6554426561,-35350.40419754939
7.630050773620607,-66208.89562288788,-35350.40419754939
7.640050773620607,-66047.13580311966,-35350.40419754939
7.650050773620607,-65212.897684823016,-35350.40419754939
7.660050773620607,-64141.78896158515,-35350.40419754939
7.670050773620607,-63070.6802383472,-35350.40419754939
7.680050773620607,-61999.57151510934,-35350.40419754939
7.690050773620607,-60928.46279187148,-35350.40419754939
7.700050773620607,-59857.35406863362,-35350.40419754939
7.7100507736206065,-58786.245345395764,-35350.40419754939
7.720050773620607,-57937.68025290441,-35350.40419754939
7.730050773620607,-56330.37292627046,-35350.40419754939
7.740050773620607,-55995.048234139,-35350.40419754939
7.750050773620607,-54729.877088475085,-35350.40419754939
7.760050773620607,-53670.299663919555,-35350.40419754939
7.770050773620607,-52801.35403526528,-35350.40419754939
7.780050773620607,-51860.48415060184,-35350.40419754939
7.790050773620607,-50857.04662132888,-35350.40419754939
7.800050773620607,-50111.82212946321,-35350.40419754939
7.810050773620607,-49366.5976375976,-35350.40419754939
7.820050773620607,-48621.37314573199,-35350.40419754939
7.830050773620607,-47876.14865386638,-35350.40419754939
7.840050773620607,-47130.92416200071,-35350.40419754939
7.850050773620607,-46385.6996701351,-35350.40419754939
7.860050773620607,-45644.846611354435,-35350.40419754939
7.870050773620607,-44961.05282732435,-35350.40419754939
7.880050773620607,-43854.64416901396,-35350.40419754939
7.890050773620607,-43220.06750749649,-35350.40419754939
7.900050773620607,-42662.53562185619,-35350.40419754939
7.910050773620607,-42136.5629451484,-35350.40419754939
7.920050773620607,-41486.81736666654,-35350.40419754939
7.930050773620607,-41399.0,-35350.40419754939
7.940050773620607,-40927.243422519154,-35350.40419754939
7.950050773620607,-40395.018371895254,-35350.40419754939
7.960050773620607,-39781.58921288167,-35350.40419754939
7.970050773620607,-39404.27612893484,-35350.40419754939
7.980050773620607,-39132.565340593086,-35350.40419754939
7.990050773620607,-38860.85455225133,-35350.40419754939
8.000050773620607,-38589.14376390955,-35350.40419754939
8.010050773620607,-38282.00579470193,105364.84345582614
8.020050773620607,-37952.15572847677,336291.56937074865
8.030050773620607,-37490.04244461413,443515.2887321173
8.040050773620607,-36623.91004088295,443515.2887321173
8.050050773620606,-35744.46891450479,443515.2887321173
8.060050773620606,-35200.03387587356,443515.2887321173
8.070050773620608,-34623.93198662983,443515.2887321173
8.080050773620608,-33999.65551964733,443515.2887321173
8.090050773620607,-33364.2543415953,443515.2887321173
8.100050773620607,-32587.29557324484,443515.2887321173
8.110050773620607,-31810.336804894378,443515.2887321173
8.120050773620607,-31033.37803654392,443515.2887321173
8.130050773620606,-30256.41926819346,443515.2887321173
8.140050773620606,-29479.460499843,443515.2887321173
8.150050773620608,-28702.5017314924,443515.2887321173
8.160050773620608,-27925.54296314194,443515.2887321173
8.170050773620607,-27148.58419479148,443515.2887321173
8.180050773620607,-26356.36821166167,443515.2887321173
8.190050773620607,-25224.222079419527,443515.2887321173
8.200050773620607,-24092.075947177385,443515.2887321173
8.210050773620607,-23428.708773220456,443515.2887321173
8.220050773620606,-22355.02982072253,443515.2887321173
8.230050773620608,-21165.559741453915,443515.2887321173
8.240050773620608,-19967.45091776781,443515.2887321173
8.250050773620607,-18863.14857273663,443515.2887321173
8.260050773620607,-17698.383341650202,443515.2887321173
8.270050773620607,-16529.215749380448,443515.2887321173
8.280050773620607,-15363.834564356508,443515.2887321173
8.290050773620607,-14198.453379332568,443515.2887321173
8.300050773620606,-13011.334946469695,443515.2887321173
8.310050773620608,-11841.00853315741,443515.2887321173
8.320050773620608,-10684.927253260365,443515.2887321173
8.330050773620608,-9528.84597336332,443515.2887321173
8.340050773620607,-8524.749376370373,443515.2887321173
8.350050773620607,-7648.796853426628,443515.2887321173
8.360050773620607,-6674.601053260816,443515.2887321173
8.370050773620607,-5525.340032301083,443515.2887321173
8.380050773620606,-4318.536872435457,443515.2887321173
8.390050773620606,-3158.159167699492,443515.2887321173
8.400050773620608,-2005.2695198087551,443515.2887321173
8.410050773620608,-837.7372180597159,433619.58665057947
8.420050773620607,363.0265093479163,401265.6409173174
8.430050773620607,1563.7902367555484,368911.6951840554
8.440050773620607,2764.5539641631804,336557.7494507934
8.450050773620607,3965.3176915708127,304203.8037175314
8.460050773620607,5166.081418978445,271849.8579842693
8.470050773620606,6366.8451463860765,239495.91225100728
8.480050773620608,7567.608873793923,207141.96651773952
8.490050773620608,8768.372601201554,174788.02078447747
8.500050773620607,9969.136328609187,142434.07505121548
8.510050773620607,11169.900056016819,110080.12931795343
8.520050773620607,12370.66378342445,77726.18358469137
8.530050773620607,13571.427510832083,45372.23785142938
8.540050773620607,14772.191238239715,13018.29211816733
8.550050773620606,15972.954965647346,-19335.65361509472
8.560050773620608,17173.718693055194,-51689.59934836248
8.570050773620608,18374.482420462824,-84043.54508162453
8.580050773620608,19575.246147870457,-116397.49081488652
8.590050773620607,20740.40247722117,-122453.3648966594
8.600050773620607,21897.359197038913,-122453.3648966594
8.610050773620607,23054.315916856656,-122453.3648966594
8.620050773620607,24211.2726366744,-122453.3648966594
8.630050773620606,25368.229356492142,-122453.3648966594
8.640050773620608,26525.186076310092,-122453.3648966594
8.650050773620608,27682.14279612783,-122453.3648966594
8.660050773620608,28839.099515945578,-122453.3648966594
8.670050773620607,29996.056235763317,-122453.3648966594
8.680050773620607,31153.012955581064,-122453.3648966594
8.690050773620607,32309.969675398803,-122453.3648966594
8.700050773620607,33485.226783226746,-122453.3648966594
8.710050773620607,34640.60544442165,-122453.3648966594
8.720050773620606,35776.84243149175,-122453.3648966594
8.730050773620608,36983.30775374405,-122453.3648966594
8.740050773620608,38145.18604924205,-122453.3648966594
8.750050773620607,39278.0526461555,-122453.3648966594
8.760050773620607,40453.920073894566,-122453.3648966594
8.770050773620607,41574.16864386049,-122453.3648966594
8.780050773620607,42694.41721382641,-122453.3648966594
8.790050773620607,45012.88062712151,-122453.3648966594
8.800050773620606,46111.11442055934,-122453.3648966594
8.810050773620608,47319.19786715023,-122453.3648966594
8.820050773620608,47942.15560775796,-122453.3648966594
8.830050773620608,48536.72402101475,-122453.3648966594
8.840050773620607,50483.7268270975,-122453.3648966594
8.850050773620607,51341.042526209676,-122453.3648966594
8.860050773620607,52591.9792946532,-122453.3648966594
8.870050773620607,53943.11728160007,-122453.3648966594
8.880050773620606,55294.25526854693,-122453.3648966594
8.890050773620608,56645.393255494026,-122453.3648966594
8.900050773620608,57996.53124244089,-122453.3648966594
8.910050773620608,59347.66922938775,-122453.3648966594
8.920050773620607,60698.80721633461,-122453.3648966594
8.930050773620607,61870.00420813056,-122453.3648966594
8.940050773620607,63023.31003642495,-122453.3648966594
8.950050773620607,64239.646444382335,-122453.3648966594
8.960050773620607,65377.71170115375,-122453.3648966594
8.970050773620606,66520.75259027552,-122453.3648966594
8.980050773620608,67722.58410348977,-122453.3648966594
8.990050773620608,68865.17350620458,-122453.3648966594
9.000050773620607,70008.51908997112,-122453.3648966594
9.010050773620607,71218.25480903282,-112460.43367281188
9.020050773620607,72585.21765685758,-94113.94391898897
9.030050773620607,74132.12873849277,-94113.94391898897
9.040050773620607,75104.24628964382,-94113.94391898897
9.050050773620606,75847.73215662716,-94113.94391898897
9.060050773620608,76952.91791390034,-94113.94391898897
9.070050773620608,78151.85589201284,-94113.94391898897
9.080050773620608,79309.17940383169,-94113.94391898897
9.090050773620607,80179.42713880635,-94113.94391898897
9.100050773620607,81063.46261468637,-94113.94391898897
9.110050773620607,82155.11954076751,-94113.94391898897
9.120050773620607,82814.38026341342,-94113.94391898897
9.130050773620606,83895.95595175389,-94113.94391898897
9.140050773620608,84559.43891891908,-94113.94391898897
9.150050773620608,85137.11236444714,-94113.94391898897
9.160050773620608,86252.5533437018,-94113.94391898897
9.170050773620607,86886.86232558152,-94113.94391898897
9.180050773620607,87410.24771622279,-94113.94391898897
9.190050773620607,88049.24073984129,-94113.94391898897
9.200050773620607,89055.72821378862,-94113.94391898897
9.210050773620607,89812.53099463478,-94113.94391898897
9.220050773620608,90320.29803572688,-94113.94391898897
9.230050773620608,90773.55677667291,-94113.94391898897
9.240050773620608,91226.81551761893,-94113.94391898897
9.250050773620607,91680.07425856497,-94113.94391898897
9.260050773620607,92133.332999511,-94113.94391898897
9.270050773620607,92586.59174045702,-94113.94391898897
9.280050773620607,93039.85048140305,-94113.94391898897
9.290050773620607,93493.10922234907,-94113.94391898897
9.300050773620606,93946.3679632951,-94113.94391898897
9.310050773620608,94426.39528320916,-94113.94391898897
9.320050773620608,94855.7486958403,-94113.94391898897
9.330050773620608,95182.2614069312,-94113.94391898897
9.340050773620607,95496.66436285207,-94113.94391898897
9.350050773620607,95787.15775479512,-94113.94391898897
9.360050773620607,96142.69259032456,-94113.94391898897
9.370050773620607,96690.01160789093,-94113.94391898897
9.380050773620606,97199.0,-94113.94391898897
9.390050773620608,97199.0,-94113.94391898897
9.400050773620608,97271.23069802135,-94113.94391898897
9.410050773620608,97775.0,-94113.94391898897
9.420050773620607,97775.0,-94113.94391898897
9.430050773620607,97788.73182389946,-94113.94391898897
9.440050773620607,98313.69796228493,-94113.94391898897
9.450050773620607,97792.19853560814,-94113.94391898897
9.460050773620607,97775.0,-94113.94391898897
9.470050773620608,97775.0,-94113.94391898897
9.480050773620608,97330.35002372124,-100466.41065832536
9.490050773620608,96841.00203718651,-107457.45299332903
9.500050773620607,96351.65405065178,-114448.49532833269
9.510050773620607,95862.30606411705,-121439.53766333635
9.520050773620607,95372.95807758231,-128430.57999834002
9.530050773620607,94883.61009104758,-135421.6223333437
9.540050773620607,94394.26210451285,-142412.66466834734
9.550050773620608,93904.91411797803,-149403.70700335226
9.560050773620608,93415.5661314433,-156394.7493383559
9.570050773620608,92926.21814490856,-163385.79167335958
9.580050773620608,92436.87015837383,-170376.83400836325
9.590050773620607,91947.5221718391,-177367.87634336692
9.600050773620607,91458.17418530436,-184358.9186783706
9.610050773620607,90968.82619876963,-191349.96101337424
9.620050773620607,90479.4782122349,-198341.0033483779
9.630050773620606,89990.13022570017,-205332.04568338156
9.640050773620608,89500.78223916535,-212323.08801838648
9.650050773620608,89011.43425263061,-219314.13035339012
9.660050773620608,88522.08626609588,-226305.1726883938
9.670050773620607,87929.61708924203,-230920.9263571264
9.680050773620607,87136.75878945822,-230920.9263571264
9.690050773620607,86343.9004896744,-230920.9263571264
9.700050773620607,85531.04000415458,-230920.9263571264
9.710050773620607,84651.02469272572,-230920.9263571264
9.720050773620608,83828.8054750551,-230920.9263571264
9.730050773620608,83241.78883444935,-230920.9263571264
9.740050773620608,82280.26816199916,-230920.9263571264
9.750050773620607,81318.74748954896,-230920.9263571264
9.760050773620607,80357.22681709877,-230920.9263571264
9.770050773620607,79415.10825792832,-230920.9263571264
9.780050773620607,78473.88091486254,-230920.9263571264
9.790050773620607,77532.65357179676,-230920.9263571264
9.800050773620608,76377.4824568629,-230920.9263571264
9.810050773620608,75186.90361784124,-230920.9263571264
9.820050773620608,74058.63955043563,-230920.9263571264
9.830050773620608,72880.91345887275,-230920.9263571264
9.840050773620607,71687.54766781034,-230920.9263571264
9.850050773620607,70560.57135697425,-230920.9263571264
9.860050773620607,69393.53632998758,-230920.9263571264
9.870050773620607,68193.4256768576,-230920.9263571264
9.880050773620608,67072.62023968245,-230920.9263571264
9.890050773620608,65939.40977065457,-230920.9263571264
9.900050773620608,64746.644671990856,-230920.9263571264
9.910050773620608,63603.08617582794,-230920.9263571264
9.920050773620607,62476.05143278741,-230920.9263571264
9.930050773620607,61283.104379964134,-230920.9263571264
9.940050773620607,60119.266054556094,-230920.9263571264
9.950050773620607,58997.084561580195,-230920.9263571264
9.960050773620607,57822.86873154821,-230920.9263571264
9.970050773620608,56654.103230952336,-230920.9263571264
9.980050773620608,55485.337730356674,-230920.9263571264
9.990050773620608,54316.57222976101,-230920.9263571264
10.000050773620607,53159.62846104236,-230920.9263571264
10.010050773620607,52055.4950019443,-221354.7622874195
10.020050773620607,50882.35832305208,-149826.49264851568
10.030050773620607,49733.783797806704,-149826.49264851568
10.040050773620607,48584.70887450856,-149826.49264851568
10.050050773620608,47397.27591865001,-149826.49264851568
10.060050773620608,46252.947356703306,-149826.49264851568
10.070050773620608,45109.44288107421,-149826.49264851568
10.080050773620608,43965.93840544512,-149826.49264851568
10.090050773620607,42822.43392981603,-149826.49264851568
10.100050773620607,41678.92945418693,-149826.49264851568
10.110050773620607,40503.56165180823,-149826.49264851568
10.120050773620607,39349.417353683995,-149826.49264851568
10.130050773620608,38207.367767406955,-149826.49264851568
10.140050773620608,37065.318181130126,-149826.49264851568
10.150050773620608,35273.249163156215,-149826.49264851568
10.160050773620608,33574.24337205276,-149826.49264851568
10.170050773620607,32399.591714022896,-149826.49264851568
10.180050773620607,31209.405784658593,-149826.49264851568
10.190050773620607,29990.066308424266,-149826.49264851568
10.200050773620607,28770.72683218994,-149826.49264851568
10.210050773620608,27551.387355955398,-149826.49264851568
10.220050773620608,26332.04787972107,-149826.49264851568
10.230050773620608,25112.708403486744,-149826.49264851568
10.240050773620608,23893.36892725242,-149826.49264851568
10.250050773620607,22674.029451018094,-149826.49264851568
